{
  "model_type": "soil_regressor",
  "feature_names": [
    "ph",
    "organic_carbon",
    "nitrogen",
    "phosphorus",
    "potassium",
    "zinc",
    "moisture",
    "bulk_density",
    "ec",
    "texture_code"
  ],
  "texture_encoding": {
    "sandy": 0,
    "loamy": 1,
    "clay": 2,
    "silt": 3,
    "black": 4
  },
  "n_samples": 55,
  "score_range": [
    0,
    100
  ],
  "model_scores": {
    "RandomForest": {
      "r2_mean": 0.9983471872567495,
      "r2_std": 0.0007787448456594813,
      "rmse_mean": 0.9377198784089942,
      "rmse_std": 0.20081202663351697
    },
    "GradientBoosting": {
      "r2_mean": 0.9984293648907675,
      "r2_std": 0.00042321102973330593,
      "rmse_mean": 0.9269649638165613,
      "rmse_std": 0.1018289863887163
    },
    "ExtraTrees": {
      "r2_mean": 0.998829969842285,
      "r2_std": 0.00038257094320194904,
      "rmse_mean": 0.8005849161460656,
      "rmse_std": 0.12869893572735494
    },
    "AdaBoost": {
      "r2_mean": 0.995555992315327,
      "r2_std": 0.0007898799846010611,
      "rmse_mean": 1.5710115058988343,
      "rmse_std": 0.135609347367075
    },
    "Bagging": {
      "r2_mean": 0.9982443956744543,
      "r2_std": 0.0006038910498995061,
      "rmse_mean": 0.9749026243162865,
      "rmse_std": 0.16099557058055952
    },
    "SVR_RBF": {
      "r2_mean": 0.9920441825535029,
      "r2_std": 0.01254699352509967,
      "rmse_mean": 1.5980719308914413,
      "rmse_std": 1.2567160474312002
    },
    "SVR_Linear": {
      "r2_mean": 0.9961784253160781,
      "r2_std": 0.0012002450871198326,
      "rmse_mean": 1.4392458091130524,
      "rmse_std": 0.19673643192068238
    },
    "KNN": {
      "r2_mean": 0.995232809958768,
      "r2_std": 0.0011392287943035174,
      "rmse_mean": 1.6167937458962292,
      "rmse_std": 0.1544674841910823
    },
    "Ridge": {
      "r2_mean": 0.9949999372654583,
      "r2_std": 0.0008670818661403944,
      "rmse_mean": 1.6742434119090834,
      "rmse_std": 0.2158930054673832
    },
    "Lasso": {
      "r2_mean": 0.9963169097445078,
      "r2_std": 0.0007665470659449172,
      "rmse_mean": 1.4281504497171074,
      "rmse_std": 0.1340074034160105
    },
    "BayesianRidge": {
      "r2_mean": 0.9966718880232086,
      "r2_std": 0.0010196412031973812,
      "rmse_mean": 1.3398136273972754,
      "rmse_std": 0.15773634698363329
    },
    "ElasticNet": {
      "r2_mean": 0.9915196541916362,
      "r2_std": 0.0011252342683495467,
      "rmse_mean": 2.1833252644472045,
      "rmse_std": 0.2561208097145229
    },
    "VotingEnsemble": {
      "r2_mean": 0.9986757031127749,
      "r2_std": 0.0004529673285219341,
      "rmse_mean": 0.8496586688286014,
      "rmse_std": 0.13225020535022
    }
  },
  "best_model": "ExtraTrees",
  "best_r2": "0.999",
  "top4_ensemble": [
    "ExtraTrees",
    "GradientBoosting",
    "RandomForest",
    "Bagging"
  ],
  "trained_at": "2026-03-15T00:34:56.305249"
}